builder9100,9100,12000,127.0.0.1,/ip4/127.0.0.1/tcp/9100/p2p/12D3KooWQtvq68uscYsCg3jLTirzG4LXJ9VxBpqd7sMh4369Gcks,builder
validator9101,9101,12001,127.0.0.1,/ip4/127.0.0.1/tcp/9101/p2p/12D3KooWEJKifW8cz37MZGQGhDU6bw7CVgX1REF9BDn1Dpi9f8RR,validator
validator9102,9102,12002,127.0.0.1,/ip4/127.0.0.1/tcp/9102/p2p/12D3KooWSC2JoDojYXKtjD323oXWqe34spiBFJMrZ1RccZQBWRyo,validator
validator9103,9103,12003,127.0.0.1,/ip4/127.0.0.1/tcp/9103/p2p/12D3KooWEhmZsWREbpkxjUie4P5kqsrzrur2yvzh887UuNTxWdeF,validator
validator9104,9104,12004,127.0.0.1,/ip4/127.0.0.1/tcp/9104/p2p/12D3KooWH2NpPB6FmDnBQHbaTZL5VtELDQytFgrGarjVQAMNJcQd,validator
validator9105,9105,12005,127.0.0.1,/ip4/127.0.0.1/tcp/9105/p2p/12D3KooWD9Lc27MQjsuynjcrBSZ1epTjWYDqVrH8LW8kvMnfWfKo,validator
validator9106,9106,12006,127.0.0.1,/ip4/127.0.0.1/tcp/9106/p2p/12D3KooWGXvWAE4h3WPEsd7iaJDGWzZh2dUEKEyzcJNJEW3hKmtD,validator
validator9107,9107,12007,127.0.0.1,/ip4/127.0.0.1/tcp/9107/p2p/12D3KooWNhHuiAzhfF21mS4qiySEuqr334G1PZEUa3VFxSU8bmfH,validator
validator9108,9108,12008,127.0.0.1,/ip4/127.0.0.1/tcp/9108/p2p/12D3KooWF7fUNajdoX53TX8GKMbgEAcNr9V6ad79VGDE8MnPzqpG,validator
validator9109,9109,12009,127.0.0.1,/ip4/127.0.0.1/tcp/9109/p2p/12D3KooWNtYQGM3pjXB35TnhR9ptsRyBeNogHPgdQAtv9Rw397TS,validator
validator9110,9110,12010,127.0.0.1,/ip4/127.0.0.1/tcp/9110/p2p/12D3KooWK2jKsgbZQjFZjxGhZbiJDVEN2zksJhbzmC4JJTWwykmW,validator
validator9111,9111,12011,127.0.0.1,/ip4/127.0.0.1/tcp/9111/p2p/12D3KooWGoGDTWe23TBraiwydqTAuU1AkqHoFScGp7twxAirkqit,validator
validator9112,9112,12012,127.0.0.1,/ip4/127.0.0.1/tcp/9112/p2p/12D3KooWEnimyn1tVPNbVqoRqcdVoYvEYmf7t23i45hL9ZbHKTQ3,validator
validator9113,9113,12013,127.0.0.1,/ip4/127.0.0.1/tcp/9113/p2p/12D3KooWFg3MJsDApvpMNoYkv5eKByKeyD5pHBoxfWoDMu5yECQh,validator
validator9114,9114,12014,127.0.0.1,/ip4/127.0.0.1/tcp/9114/p2p/12D3KooWKoD4y2v1BT1UiUqgxCcEwaXwxVd2aQM8Nw1zaxZNQMpG,validator
validator9115,9115,12015,127.0.0.1,/ip4/127.0.0.1/tcp/9115/p2p/12D3KooWHoKD72CUoMmnkYrefvE4yfkMqrfcUKXmeGKsDPmTZXK3,validator
validator9116,9116,12016,127.0.0.1,/ip4/127.0.0.1/tcp/9116/p2p/12D3KooWJJQspZqdm2FcpavrxeDVuUdC3qV7HpTRQCgR48rAZWvQ,validator
validator9117,9117,12017,127.0.0.1,/ip4/127.0.0.1/tcp/9117/p2p/12D3KooWLPG6q9fAnL138gZX7qMHDvUiwDTdAzZqGFraDhdpvcGM,validator
validator9118,9118,12018,127.0.0.1,/ip4/127.0.0.1/tcp/9118/p2p/12D3KooWGxYFd8z9SDUfeT91MyZRGseGqB33tqiNQUPBXogXnCRb,validator
validator9119,9119,12019,127.0.0.1,/ip4/127.0.0.1/tcp/9119/p2p/12D3KooWBgD6qrmYNzjGTWbMznVParXgSBiMjGwgu8kzG8QFRYfU,validator
validator9120,9120,12020,127.0.0.1,/ip4/127.0.0.1/tcp/9120/p2p/12D3KooWKcN2Hrdsgc1mNHTNfFwkYsDW3NBvNL2Z96MB7HurRqKz,validator
validator9121,9121,12021,127.0.0.1,/ip4/127.0.0.1/tcp/9121/p2p/12D3KooWQfPctDA2pKiHyw4pBm1Y4N59kiXADTzvU5sDSG1nMzih,validator
validator9122,9122,12022,127.0.0.1,/ip4/127.0.0.1/tcp/9122/p2p/12D3KooWFP37jtmJUpu9sz2hXWV4amuXbiggghukqjcaNbrnk76P,validator
validator9123,9123,12023,127.0.0.1,/ip4/127.0.0.1/tcp/9123/p2p/12D3KooWM7G1mRGoLEuHmzyrouZrcmhs2P2uiEQcY3z3q3QCpbCn,validator
validator9124,9124,12024,127.0.0.1,/ip4/127.0.0.1/tcp/9124/p2p/12D3KooWJDUr6m3dxg8AwTeke3rkuH8oFY8jSvf1rKswqAAqg4tF,validator
validator9125,9125,12025,127.0.0.1,/ip4/127.0.0.1/tcp/9125/p2p/12D3KooWDo7zuVS2X9DepL6hAWuEqWA5GbdrsamNXgNQPsi7cJ8v,validator
validator9126,9126,12026,127.0.0.1,/ip4/127.0.0.1/tcp/9126/p2p/12D3KooWJQjkewsCtcBxZwwLNp3Tt1GKsJRpDJhpFnZ8uDzk5HNu,validator
validator9127,9127,12027,127.0.0.1,/ip4/127.0.0.1/tcp/9127/p2p/12D3KooWFXimAjMhKDgZsQQp6qw3gtMGYJTwAwx1r9KnkQ6sdR8k,validator
validator9128,9128,12028,127.0.0.1,/ip4/127.0.0.1/tcp/9128/p2p/12D3KooWBYamtgopqBL1EkTbHpM1emDV1cSHGYWb2HK4fYuZ5Nvw,validator
validator9129,9129,12029,127.0.0.1,/ip4/127.0.0.1/tcp/9129/p2p/12D3KooWFySEsvh2NB3AEvbusfJzVErMCurkQfRT1JYUWRah1GF1,validator
validator9130,9130,12030,127.0.0.1,/ip4/127.0.0.1/tcp/9130/p2p/12D3KooWF1XScHggqXCrjrjniEyaZagjSZFHk26nsGnRE3PwNCFa,validator
validator9131,9131,12031,127.0.0.1,/ip4/127.0.0.1/tcp/9131/p2p/12D3KooWArKqggfpakn9tKZSc1h1Sj62okGEDdfhvAgFsbBD56HF,validator
validator9132,9132,12032,127.0.0.1,/ip4/127.0.0.1/tcp/9132/p2p/12D3KooWEZGsSoz4JUdtpPL1N9taRrB2MWLeghe4VYwXWezgGsZc,validator
validator9133,9133,12033,127.0.0.1,/ip4/127.0.0.1/tcp/9133/p2p/12D3KooWQdLjyxwnP8AVBjzEdApW6npeJxjhUouhCdGrtHZ8k3bZ,validator
validator9134,9134,12034,127.0.0.1,/ip4/127.0.0.1/tcp/9134/p2p/12D3KooWLuZdUPLH7bfc7QHmwJ1tdvqSMhdUPaCYtqr9Vj1iG998,validator
validator9135,9135,12035,127.0.0.1,/ip4/127.0.0.1/tcp/9135/p2p/12D3KooWSGXArkFzCzNHvkgXWowzkedE9JL2hJbBT2o8a2Ws2wE7,validator
validator9136,9136,12036,127.0.0.1,/ip4/127.0.0.1/tcp/9136/p2p/12D3KooWMvjeE61B43U7dLb2dAJnDqg3h7qmEc6DjVq5axR9yKT9,validator
validator9137,9137,12037,127.0.0.1,/ip4/127.0.0.1/tcp/9137/p2p/12D3KooWQNxLTjMKBbdW9ttMkCCTj8pw3RbF2i7vrqWKSjzvouPY,validator
validator9138,9138,12038,127.0.0.1,/ip4/127.0.0.1/tcp/9138/p2p/12D3KooWMvdiNueefaykKwueqEpBufhZ5ngYCtuQu4ZrcUbQ49cu,validator
validator9139,9139,12039,127.0.0.1,/ip4/127.0.0.1/tcp/9139/p2p/12D3KooWLVHhEXAEqEiqjDo2ZV9GPZghwbmS98KwEgRfm18a6BpK,validator
validator9140,9140,12040,127.0.0.1,/ip4/127.0.0.1/tcp/9140/p2p/12D3KooWPwiG5oTPxPWGC2ebYjqHDFwpuRhu5T6KxSsPmBuk1PCi,validator
validator9141,9141,12041,127.0.0.1,/ip4/127.0.0.1/tcp/9141/p2p/12D3KooWN4S7byK2uTEmVHaZwF5ULodyEm3W6SwyTvKqjnnUSaE2,validator
validator9142,9142,12042,127.0.0.1,/ip4/127.0.0.1/tcp/9142/p2p/12D3KooWNfrGUcDCjUg2CwaAG6yFwmiQkAnu5nhsq4DvUxbDUbCA,validator
validator9143,9143,12043,127.0.0.1,/ip4/127.0.0.1/tcp/9143/p2p/12D3KooWPHPEc7ubseHx29JMYTrnWwT7bc9wTnnoPbM7QBc6gy5t,validator
validator9144,9144,12044,127.0.0.1,/ip4/127.0.0.1/tcp/9144/p2p/12D3KooWAvtM1AQxRvHXQqje8XAquiaw67hGQqJ2ky8Cg6vKi9Xa,validator
validator9145,9145,12045,127.0.0.1,/ip4/127.0.0.1/tcp/9145/p2p/12D3KooWG1NNkLxsQf9MZocPrftRPJx9WfJJAovxDDaPatdFpRBo,validator
validator9146,9146,12046,127.0.0.1,/ip4/127.0.0.1/tcp/9146/p2p/12D3KooWKa2heiM3wNLRwX5CaGCTZi9ynm3gkNoQN9NcZfziXVoK,validator
validator9147,9147,12047,127.0.0.1,/ip4/127.0.0.1/tcp/9147/p2p/12D3KooWPuw8DRuBBwHsB8Q93YAR5brrxQMfpfEKpgfeKmccecrL,validator
validator9148,9148,12048,127.0.0.1,/ip4/127.0.0.1/tcp/9148/p2p/12D3KooWP6z5epeUnQDDY43wpwNh6fMNS7KUdednLqv1bGEmpoA8,validator
validator9149,9149,12049,127.0.0.1,/ip4/127.0.0.1/tcp/9149/p2p/12D3KooWHvUaA23Eiviyew9ywiJhDCDhx57vAYXJLdbfou7X9hEV,validator
validator9150,9150,12050,127.0.0.1,/ip4/127.0.0.1/tcp/9150/p2p/12D3KooWMFFRpGWGoTMBHey7ULCu3tt7hH4mzrdsjwtVSW8DKkrN,validator
